{
    "top-bottom-PAD": {
        "top": {
            "id": 1,
            "name": "Top 5 PAD",
            "data": [
                {
                    "kodeSatker": [
                        "976219",
                        "963461",
                        "976962",
                        "980206",
                        "991905"
                    ],
                    "namaPemda": [
                        "Kab. Mamberamo Tengah",
                        "Kab. Mamberamo Raya",
                        "Kab. Dogiyai",
                        "Kab. Way Kanan",
                        "Kota Probolinggo"
                    ],
                    "target": [
                        2000000000,
                        5350000000,
                        2101622562,
                        35046667000,
                        130171044317
                    ],
                    "realization": [
                        285947975091,
                        203525026920,
                        43159693875,
                        386555707653.76,
                        1401501006468.4
                    ],
                    "percentage": [
                        142.9739875455,
                        38.042061106542,
                        20.536367783341,
                        11.029742361913,
                        10.766611067938
                    ]
                }
            ]
        },
        "bottom": {
            "id": 2,
            "name": "Bottom 5 PAD",
            "data": [
                {
                    "kodeSatker": [
                        "990099",
                        "990991",
                        "976369",
                        "992935",
                        "998215"
                    ],
                    "namaPemda": [
                        "Kab. Aceh Tenggara",
                        "Kab. Subang",
                        "Kab. Yalimo",
                        "Kab. Enrekang",
                        "Kab. Kaur"
                    ],
                    "target": [
                        62533899558,
                        310315560539,
                        9220000000,
                        91793908000,
                        27271856584
                    ],
                    "realization": [
                        3130000,
                        16501462,
                        3000000,
                        107875569,
                        58300207
                    ],
                    "percentage": [
                        0.000050052851687219,
                        0.000053176392351508,
                        0.00032537960954447,
                        0.0011751931184802,
                        0.0021377425046377
                    ]
                }
            ]
        }
    }
}