{
    "top-bottom-Belanja": {
        "top": {
            "id": 1,
            "name": "Top 5 Belanja",
            "data": [
                {
                    "kodeSatker": [
                        "978423",
                        "963333",
                        "991905",
                        "991820",
                        "980206"
                    ],
                    "namaPemda": [
                        "Kab. Pringsewu",
                        "Kab. Batu Bara",
                        "Kota Probolinggo",
                        "Kab. Pacitan",
                        "Kab. Way Kanan"
                    ],
                    "target": [
                        1255939521640,
                        960904108372,
                        1096731770140,
                        1549554886146,
                        1262552031800
                    ],
                    "realization": [
                        6000700237157.4,
                        4523293379107,
                        5120620873938.5,
                        7203810546104.5,
                        5854866283846
                    ],
                    "percentage": [
                        4.7778576386558,
                        4.7073306687912,
                        4.6689819820619,
                        4.6489547485611,
                        4.6373267290211
                    ]
                }
            ]
        },
        "bottom": {
            "id": 2,
            "name": "Bottom 5 Belanja",
            "data": [
                {
                    "kodeSatker": [
                        "998332",
                        "992274",
                        "987418",
                        "977710",
                        "990476"
                    ],
                    "namaPemda": [
                        "Kab. Kep Sula",
                        "Prov. Bali",
                        "Kab. Serdang Bedagai",
                        "Kab. Bengkulu Tengah",
                        "Kab. Bengkalis"
                    ],
                    "target": [
                        882734401691,
                        5704727109732,
                        1439262749215,
                        847609249860,
                        4478523406465
                    ],
                    "realization": [
                        18065558054,
                        254204778479,
                        136205591625,
                        85420550520,
                        486996681355.7
                    ],
                    "percentage": [
                        0.020465451464668,
                        0.044560374859183,
                        0.094635667948253,
                        0.10077821889521,
                        0.10874045687753
                    ]
                }
            ]
        }
    }
}