{
    "top-bottom-Realisasi-TKDD": {
        "top": {
            "id": 1,
            "name": "Top 5 Realisasi-TKDD",
            "data": [
                {
                    "kodeSatker": [
                        "980280",
                        "998236",
                        "993401",
                        "998222",
                        "992139"
                    ],
                    "namaPemda": [
                        "Kab. Kutai Timur",
                        "Kab. Balangan",
                        "Kab. Mimika",
                        "Kab. Tanah Bumbu",
                        "Kab. Berau"
                    ],
                    "target": [
                        2274888034182,
                        1167579448452,
                        2139583176585,
                        1211654634047,
                        1556040693654
                    ],
                    "realization": [
                        2407336132894,
                        1220610978585,
                        2197032527959,
                        1240094228627,
                        1579086274304
                    ],
                    "percentage": [
                        105.822181,
                        104.542006,
                        102.685072,
                        102.34717,
                        101.48104
                    ]
                }
            ]
        },
        "bottom": {
            "id": 2,
            "name": "Bottom 5 Realisasi-TKDD",
            "data": [
                {
                    "kodeSatker": [
                        "990828",
                        "992321",
                        "980049",
                        "978417",
                        "992363"
                    ],
                    "namaPemda": [
                        "Prov. DKI Jakarta",
                        "Kab. Karangasem",
                        "Kota Cilegon",
                        "Kab. Kep Meranti",
                        "Kota Denpasar"
                    ],
                    "target": [
                        24115539222572,
                        1301859397854,
                        1166836558568,
                        1038527131936,
                        1134078223002
                    ],
                    "realization": [
                        15355229998672,
                        986968117353,
                        896285352422,
                        824687184328,
                        905098225326
                    ],
                    "percentage": [
                        63.673592,
                        75.81219,
                        76.813273,
                        79.409306,
                        79.809153
                    ]
                }
            ]
        }
    }
}